{
  "n_total": 5000,
  "group_a": {
    "n": 2500,
    "approval_rate": 0.6188,
    "default_rate": 0.11247575953458307,
    "avg_loan_size": 91969.08606981255,
    "avg_processing_time": 3.069188
  },
  "group_b": {
    "n": 2500,
    "approval_rate": 0.7228,
    "default_rate": 0.08909795240730492,
    "avg_loan_size": 108794.16286662978,
    "avg_processing_time": 2.7767239999999997
  },
  "approval_rate_test": {
    "z_statistic": 7.8246,
    "p_value": 0.0,
    "ci_95_lower": 0.0781,
    "ci_95_upper": 0.1299,
    "significant": true
  },
  "default_rate_test": {
    "z_statistic": -2.2509,
    "p_value": 0.024392,
    "ci_95_lower": -0.0439,
    "ci_95_upper": -0.0029,
    "significant": true
  },
  "power_approval": 1.0,
  "mde_approval": 0.0396
}