{
  "n_per_group": 5000,
  "metrics_A": {
    "n": 5000,
    "approval_rate": 0.6202,
    "default_rate": 0.10899709771041599,
    "avg_loan_size": 50051.346209954965,
    "avg_processing_time": 4.244463038346154
  },
  "metrics_B": {
    "n": 5000,
    "approval_rate": 0.7214,
    "default_rate": 0.08649847518713612,
    "avg_loan_size": 52042.05424168495,
    "avg_processing_time": 3.7717094810304754
  },
  "approval_rate_test": {
    "z_stat": 10.767728003789305,
    "p_value": 0.0,
    "p_A": 0.6202,
    "p_B": 0.7214,
    "ci_lower": 0.08288646738156247,
    "ci_upper": 0.11951353261843767,
    "mde": 0.02800485537016869,
    "power_at_obs_mde": 1.0,
    "significant": 1.0
  },
  "default_rate_test": {
    "z_stat": -1.054656088609287,
    "p_value": 0.2915826415421918,
    "p_A": 0.0676,
    "p_B": 0.0624,
    "ci_lower": -0.014863098707268955,
    "ci_upper": 0.0044630987072689626,
    "mde": 0.02800485537016869,
    "power_at_obs_mde": 0.9330252746053449,
    "significant": 0.0
  }
}