{
  "group_stats": {
    "A": {
      "n": 2500.0,
      "approval_rate": 0.6008,
      "default_rate": 0.1118508655126498,
      "avg_loan_size": 40463.16535303113,
      "avg_processing_time": 63.91520013999436
    },
    "B": {
      "n": 2500.0,
      "approval_rate": 0.6944,
      "default_rate": 0.08928571428571429,
      "avg_loan_size": 40621.06814138003,
      "avg_processing_time": 58.68733781044276
    }
  },
  "approval_analysis": {
    "z_statistic": -6.927228052082333,
    "p_value": 4.291678123991005e-12,
    "ci_lower": -0.11995544556236634,
    "ci_upper": -0.06724455443763369,
    "significant": 1.0,
    "alpha": 0.05
  },
  "default_analysis": {
    "z_statistic": 0.747899784963747,
    "p_value": 0.4545206072880412,
    "ci_lower": -0.008426481549190746,
    "ci_upper": 0.01882648154919074,
    "significant": 0.0,
    "alpha": 0.05
  },
  "treatment_effects": {
    "approval": 0.09360000000000002,
    "default": -0.022565151226935518
  }
}