{
  "sample_sizes": {
    "group_a": 2500,
    "group_b": 2500
  },
  "approval_rate": {
    "group_a": 0.6188,
    "group_b": 0.7176,
    "difference": 0.0988,
    "z_statistic": 7.4185755626574235,
    "p_value": 1.1834977442504169e-13,
    "ci_lower": 0.07284140944843903,
    "ci_upper": 0.12475859055156097,
    "significant": 1.0
  },
  "default_rate": {
    "group_a": 0.11700064641241112,
    "group_b": 0.09698996655518395,
    "difference": -0.020010679857227168,
    "z_statistic": -1.8715325279528419,
    "p_value": 0.061271305617713656,
    "ci_lower": -0.04108386950923367,
    "ci_upper": 0.0010625097947793358,
    "significant": 0.0
  },
  "avg_loan_size": {
    "group_a": 55982145.13531682,
    "group_b": 52904176.94733289
  },
  "avg_processing_time": {
    "group_a": 62.19710693543933,
    "group_b": 50.101758880206596
  }
}