{
  "groups": {
    "control": {
      "n": 2500,
      "approval_rate": 0.618,
      "default_rate": 0.10744336569579288,
      "avg_loan_size": 18833.29077669903,
      "avg_processing_time": 6.206111999999999
    },
    "treatment": {
      "n": 2500,
      "approval_rate": 0.7028,
      "default_rate": 0.08764940239043825,
      "avg_loan_size": 26658.64004553216,
      "avg_processing_time": 4.931108
    }
  },
  "approval_rate_test": {
    "z_statistic": 6.3309,
    "p_value": 0.0,
    "ci_95": [
      0.058652,
      0.110948
    ],
    "significant": true
  },
  "default_rate_test": {
    "z_statistic": -0.6934,
    "p_value": 0.488074,
    "ci_95": [
      -0.018368,
      0.008768
    ],
    "significant": false
  },
  "power": {
    "approval_rate_test": 0.0,
    "mde_approval_rate": 0.03962
  }
}