{
  "group_stats": {
    "A": {
      "n": 2500,
      "approval_rate": 0.7284,
      "default_rate": 0.09610104338275673,
      "avg_loan_size": 17180.396595355276,
      "processing_time_mean": 180.2348
    },
    "B": {
      "n": 2500,
      "approval_rate": 0.9184,
      "default_rate": 0.08144599303135888,
      "avg_loan_size": 18902.360139426564,
      "processing_time_mean": 160.3728
    }
  },
  "approval_rate_test": {
    "metric": "approval_rate",
    "group_a_rate": 0.7284,
    "group_b_rate": 0.9184,
    "treatment_effect": 0.18999999999999995,
    "z_statistic": -17.61602129027893,
    "p_value": 0.0,
    "ci_lower": -0.21047294281572412,
    "ci_upper": -0.16952705718427577,
    "significant": 1.0,
    "power": 1.0,
    "mde": 0.03962039811599345
  },
  "default_rate_test": {
    "metric": "default_rate",
    "group_a_rate": 0.09610104338275673,
    "group_b_rate": 0.08144599303135888,
    "treatment_effect": -0.014655050351397844,
    "z_statistic": 1.8217443832332247,
    "p_value": 0.06849378016399554,
    "ci_lower": -0.001106676148830775,
    "ci_upper": 0.030416776851626463,
    "significant": 0.0,
    "power": 0.4450334320898326,
    "mde": 0.03962039811599345
  },
  "sample_size": 5000
}