{
  "group_stats": {
    "A": {
      "n": 2500,
      "approval_rate": 0.6188,
      "default_rate": 0.1144,
      "avg_loan_size": 222934.6249764575,
      "avg_processing_time": 3.0122080571235115
    },
    "B": {
      "n": 2500,
      "approval_rate": 0.7228,
      "default_rate": 0.09,
      "avg_loan_size": 281739.54913646076,
      "avg_processing_time": 2.7860006465398284
    }
  },
  "approval_rate_test": {
    "metric": "approval_rate",
    "z_statistic": -7.8246,
    "p_value": 0.0,
    "ci_95_low": -0.129891,
    "ci_95_high": -0.078109,
    "significant": true,
    "power": 0.0,
    "mde": 0.03962,
    "control_rate": 0.6188,
    "treatment_rate": 0.7228
  },
  "default_rate_test": {
    "metric": "default_rate",
    "z_statistic": 2.8479,
    "p_value": 0.0044,
    "ci_95_low": 0.007621,
    "ci_95_high": 0.041179,
    "significant": true,
    "power": 0.1871,
    "mde": 0.03962,
    "control_rate": 0.1144,
    "treatment_rate": 0.09
  },
  "seed": 42,
  "n": 5000
}