{
  "n_per_group": 2500,
  "alpha": 0.05,
  "approval_rate": {
    "group_A": 0.6188,
    "group_B": 0.7228,
    "z_statistic": 7.824595680859453,
    "p_value": 5.10702591327572e-15,
    "ci_95": [
      0.07810927725579772,
      0.12989072274420224
    ],
    "power": 0.9999999977493464,
    "mde": 0.0384857920837217,
    "significant": 1.0,
    "effect": 0.10399999999999998
  },
  "default_rate": {
    "group_A": 0.0724,
    "group_B": 0.0676,
    "z_statistic": -0.6651287945684335,
    "p_value": 0.5059681189012837,
    "ci_95": [
      -0.018943743278902678,
      0.00934374327890265
    ],
    "power": 0.09768854486126188,
    "mde": 0.020535178575908267,
    "significant": 0.0,
    "effect": -0.004800000000000013
  }
}