{
  "metadata": {
    "n_total": 5000,
    "n_control": 2500,
    "n_treatment": 2500,
    "seed": 42
  },
  "approval_rate": {
    "control": 0.6188,
    "treatment": 0.7228,
    "treatment_effect": 0.10399999999999998,
    "z_statistic": 7.824595680859453,
    "p_value": 5.10702591327572e-15,
    "ci_95": [
      0.07810927725579772,
      0.12989072274420224
    ],
    "significant": true,
    "power": 0.99999999730623,
    "mde": 0.0384857920837217
  },
  "default_rate": {
    "control": 0.11247575953458307,
    "treatment": 0.08909795240730492,
    "treatment_effect": -0.023377807127278147,
    "z_statistic": -2.2508967469103607,
    "p_value": 0.024392077837764647,
    "ci_95": [
      -0.04388188254065768,
      -0.0028737317138986147
    ],
    "significant": true,
    "power": 0.5731062953077729,
    "mde": 0.03056834194868165
  },
  "group_stats": {
    "A": {
      "n": 2500,
      "approval_rate": 0.6188,
      "default_rate": 0.11247575953458307,
      "avg_loan_size": 49726.88015903458,
      "processing_time_mean": 50.80107185753455
    },
    "B": {
      "n": 2500,
      "approval_rate": 0.7228,
      "default_rate": 0.08909795240730492,
      "avg_loan_size": 57580.07651913966,
      "processing_time_mean": 46.41037685460197
    }
  }
}