{
  "group_stats": {
    "A": {
      "n": 5000,
      "approval_rate": 0.6202,
      "default_rate": 0.10899709771041599,
      "avg_loan_size": 51873.519500567025,
      "avg_processing_time": 2.436620667390602
    },
    "B": {
      "n": 5000,
      "approval_rate": 0.7048,
      "default_rate": 0.08967082860385925,
      "avg_loan_size": 50958.13271947283,
      "avg_processing_time": 2.186056186152696
    }
  },
  "approval_rate_analysis": {
    "metric": "Approval Rate",
    "group_A_proportion": 0.6202,
    "group_B_proportion": 0.7048,
    "n_A": 5000,
    "n_B": 5000,
    "z_statistic": 8.945621886900666,
    "p_value": 0,
    "ci_lower": 0.06613865986081946,
    "ci_upper": 0.10306134013918056,
    "significant": true,
    "power": 0.9999999999985824,
    "mde": 99.05099528998365,
    "effect_direction": "higher",
    "treatment_effect": 0.08460000000000001
  },
  "default_rate_analysis": {
    "metric": "Default Rate",
    "group_A_proportion": 0.10899709771041599,
    "group_B_proportion": 0.08967082860385925,
    "n_A": 5000,
    "n_B": 5000,
    "z_statistic": -3.2306302274175698,
    "p_value": 0.0012351762180164982,
    "ci_lower": -0.031045041168139612,
    "ci_upper": -0.007607497044973873,
    "significant": true,
    "power": 0.8980763999558392,
    "mde": 99.05099528998365,
    "effect_direction": "lower",
    "treatment_effect": -0.019326269106556743
  },
  "alpha": 0.05
}