{
  "group_a": {
    "group": "A",
    "n": 2500,
    "approval_rate": 0.6188,
    "default_rate": 0.11247575953458307,
    "avg_loan_size": 44253.77773755656,
    "avg_processing_time": 4.264292
  },
  "group_b": {
    "group": "B",
    "n": 2500,
    "approval_rate": 0.7228,
    "default_rate": 0.08909795240730492,
    "avg_loan_size": 47419.66787493082,
    "avg_processing_time": 3.8561479999999997
  },
  "approval_test": {
    "p1": 0.6188,
    "p2": 0.7228,
    "difference": 0.10399999999999998,
    "z_statistic": 7.824595680859453,
    "p_value": 5.10702591327572e-15,
    "ci_lower": 0.07810880149894947,
    "ci_upper": 0.1298911985010505,
    "significant": 1.0
  },
  "default_test": {
    "p1": 0.0696,
    "p2": 0.0644,
    "difference": -0.005199999999999996,
    "z_statistic": -0.7353263465624444,
    "p_value": 0.4621407663129544,
    "ci_lower": -0.01905976301049913,
    "ci_upper": 0.008659763010499137,
    "significant": 0.0
  },
  "power_approval": 0.9999999977493464,
  "power_default": 0.783939101666006,
  "mde_approval": 0.0384857920837217,
  "mde_default": 0.025036199863056666,
  "alpha": 0.05
}