{
  "data": {
    "group_a": {
      "n": 2500,
      "approved": 1572,
      "approval_rate": 0.6288,
      "defaults": 155,
      "default_rate": 0.09860050890585242,
      "avg_loan_size": 20824.39366345926,
      "avg_processing_time": 4.674456917461542
    },
    "group_b": {
      "n": 2500,
      "approved": 1772,
      "approval_rate": 0.7088,
      "defaults": 165,
      "default_rate": 0.09311512415349887,
      "avg_loan_size": 21330.366973939537,
      "avg_processing_time": 4.349552054022973
    }
  },
  "stats": {
    "approval_rate": {
      "metric": "approval_rate",
      "control_rate": 0.6288,
      "treatment_rate": 0.7088,
      "z": 6.00968483865992,
      "p_value": 1.8588433015054306e-09,
      "ci_95": [
        0.054003184181196304,
        0.10599681581880362
      ],
      "diff": 0.07999999999999996,
      "mde": 0.03962039811599345,
      "significant": true
    },
    "default_rate": {
      "metric": "default_rate",
      "control_rate": 0.09860050890585242,
      "treatment_rate": 0.09311512415349887,
      "z": -0.6587641689590604,
      "p_value": 0.5100472195577661,
      "ci_95": [
        -0.021805166601925434,
        0.010834397097218333
      ],
      "diff": -0.00548538475235355,
      "mde": 0.03962039811599345,
      "significant": false
    }
  }
}