{
  "n_per_group": 5000,
  "metrics": {
    "group_a": {
      "n": 5000,
      "approval_rate": 0.6202,
      "default_rate": 0.10899709771041599,
      "avg_loan_size": 85956.85887555635,
      "processing_time": 4.548925708958196
    },
    "group_b": {
      "n": 5000,
      "approval_rate": 0.7062,
      "default_rate": 0.08977626734636081,
      "avg_loan_size": 97381.14846879273,
      "processing_time": 4.0571736651862
    }
  },
  "approval_test": {
    "p1": 0.6202,
    "p2": 0.7062,
    "effect": 0.08600000000000008,
    "z_statistic": 9.098297959276941,
    "p_value": 0.0,
    "ci_lower": 0.056285035788572864,
    "ci_upper": 0.1157149642114273,
    "significance": "SIGNIFICANT",
    "mde": 0.02729729729729735,
    "expected_power": 1.3877787807814457e-14
  },
  "default_test": {
    "p1": 0.10899709771041599,
    "p2": 0.08977626734636081,
    "effect": -0.019220830364055183,
    "z_statistic": -3.212246544859036,
    "p_value": 0.0013170129991304513,
    "ci_lower": -0.03358669410372239,
    "ci_upper": -0.004854966624387972,
    "significance": "SIGNIFICANT",
    "mde": 0.016616616616616633,
    "expected_power": 0.08470020304809321
  }
}