{
  "n_A": 2500,
  "n_B": 2500,
  "approval": {
    "rate_A": 0.6188,
    "rate_B": 0.7032,
    "effect": 0.08440000000000003,
    "mde": 0.037510202580025714,
    "z_statistic": 6.303719418850777,
    "p_value": 2.905864437963146e-10,
    "ci_95": [
      0.05826220190672522,
      0.11053779809327484
    ],
    "significant": true
  },
  "default": {
    "rate_A": 0.10277957336780866,
    "rate_B": 0.08816837315130831,
    "effect": -0.01461120021650035,
    "mde": 0.023286373711423527,
    "z_statistic": -1.757874500028111,
    "p_value": 0.07876886552855122,
    "ci_95": [
      -0.030897403570214692,
      0.0016750031372139915
    ],
    "significant": false
  },
  "avg_loan_size": {
    "A": 18200.441671483637,
    "B": 21730.684572355716
  },
  "avg_processing_time": {
    "A": 17.072513675694836,
    "B": 16.352782259311194
  }
}