{
  "experiment": {
    "n_total": 5000,
    "n_per_group": 2500,
    "alpha": 0.05
  },
  "group_A": {
    "n": 2500,
    "approval_rate": 0.6264,
    "default_rate": 0.10983397190293742,
    "avg_loan_size": 43174.41544,
    "avg_processing_time": 3.4964800000000005
  },
  "group_B": {
    "n": 2500,
    "approval_rate": 0.7044,
    "default_rate": 0.0925610448608745,
    "avg_loan_size": 43420.189007999994,
    "avg_processing_time": 3.4988
  },
  "tests": {
    "approval_rate": {
      "rate_A": 0.6264,
      "rate_B": 0.7044,
      "difference": 0.07800000000000007,
      "z_statistic": 5.844471465487927,
      "p_value": 5.08179143210441e-09,
      "ci_95_lower": 0.05193144943739303,
      "ci_95_upper": 0.10406855056260711,
      "significant": true
    },
    "default_rate": {
      "rate_A": 0.10983397190293742,
      "rate_B": 0.0925610448608745,
      "difference": -0.017272927042062916,
      "z_statistic": -2.0249014969490493,
      "p_value": 0.04287747987500823,
      "ci_95_lower": -0.033985371038428136,
      "ci_95_upper": -0.0005604830456976927,
      "significant": true
    }
  }
}