group,total,approved,defaulted,approval_rate,default_rate,avg_loan_size,avg_processing_time
A,2500,1547,168,0.6188,0.1085972850678733,16384.713480005423,57.76390153838162
B,2500,1794,157,0.7176,0.0875139353400223,19530.619745232256,50.97510216079669
